{
	"era": "diesel",
	"name": "GV 5700",
	"works": "MAV Northern Vehicle Repair Facility",
	"model": "immersiverailroading:models/rolling_stock/locomotives/c50/c50.obj",
	"darken_model": "-0.05",
	"model_gauge_m": 0.750,
	"recommended_gauge_m": 0.750,
	"properties": {
		"fuel_efficiency_%": 250,
		"fuel_capacity_l": 800,
		"horsepower": 80,
		"tractive_effort_lbf": 42600,
		"max_speed_kmh": 31,
		"weight_kg": 7000
	},
	"passenger": {
		"slots": 2,
		"center_x": 0,
		"center_y": 0.6,
		"length": 0.5,
		"width": 0.85,
		"should_sit": false
	},
	"trucks": {
		"front": 1, 
		"rear": -1
	},
	"couplers": {
		"front_offset": 0,
		"rear_offset": 0
	}
}
