{
	"era": "steam",
	"name": "Resicza 2",
	"works": "Resita Iron Factories",
	"model": "immersiverailroading:models/rolling_stock/locomotives/resicza2/resicza2.obj",
	"darken_model": "-0.05",
	"model_gauge_m": 0.9144,
	"recommended_gauge_m": 0.9144,
	"properties": {
		"max_psi": 160,
		"water_capacity_l": 3700, 
		"horsepower": 880,
		"tractive_effort_lbf": 14300,
		"max_speed_kmh": 61,
		"valve_gear": "stephenson",
		"weight_kg": 13300
	},
	"firebox": {
		"slots": 6,
		"width": 3
	},
	"passenger": {
		"slots": 2,
		"center_x": -2,
		"center_y": 1,
		"length": 0.9,
		"width": 1.43,
		"should_sit": false
	},
	"trucks": {
		"front": 1, 
		"rear": -1
	},
	"couplers": {
		"front_offset": -0.08,
		"rear_offset": -0.08
	}
}
