{
	"era": "steam",
	"name": "Super Chugger Mine Engine",
	"works": "Rheaworks",
	"model": "immersiverailroading:models/rolling_stock/locomotives/superchugger/superchugger.obj",
	"darken_model": "-0.05",
	"model_gauge_m": 0.750,
	"recommended_gauge_m": 0.750,
	"properties": {
		"max_psi": 160,
		"water_capacity_l": 3000, 
		"horsepower": 103,
		"tractive_effort_lbf": 9430,
		"max_speed_kmh": 20,
		"valve_gear": "stephenson",
		"weight_kg": 1750
	},
	"firebox": {
		"slots": 4,
		"width": 2
	},
	"passenger": {
		"slots": 1,
		"center_x": -1.37,
		"center_y": 0.83,
		"length": 0.3,
		"width": 0.45,
		"should_sit": true
	},
	"trucks": {
		"front": 1, 
		"rear": -1
	},
	"couplers": {
		"front_offset": 0,
		"rear_offset": -0.18
	}
}
